station,date,dataType,peakCode,units,value,symbol
02EB004,1987-04-08,Discharge,Maximum,,95.5999984741211,
02EB004,1988-04-10,Discharge,Maximum,,159,
02EB004,1989-04-07,Discharge,Maximum,,99.5,
02EB004,1990-11-29,Discharge,Maximum,,98.3000030517578,
02EB004,1991-04-11,Discharge,Maximum,,140,
02EB004,1992-04-28,Discharge,Maximum,,121,
02EB004,1993-06-28,Discharge,Maximum,,101,
02EB004,1994-04-20,Discharge,Maximum,,80,
02EB004,1995-11-16,Discharge,Maximum,,102,
02EB004,1996-04-27,Discharge,Maximum,,169,
02EB004,1997-05-06,Discharge,Maximum,,125,
02EB004,1998-04-05,Discharge,Maximum,,175,
02EB004,1999-04-12,Discharge,Maximum,,78.30000305175781,
02EB004,1999-07-28,Discharge,Minimum,,2.0199999809265137,
02EB004,2000-05-13,Discharge,Maximum,,59.400001525878906,
02EB004,2000-10-16,Discharge,Minimum,,2.1600000858306885,
02EB004,2001-04-17,Discharge,Maximum,,126,
02EB004,2001-08-14,Discharge,Minimum,,2.309999942779541,
02EB004,2002-04-20,Water Level,Maximum,in metres (to millimetres),2.450000047683716,
02EB004,2002-04-20,Discharge,Maximum,,146,
02EB004,2002-08-08,Water Level,Minimum,in metres (to millimetres),0.5199999809265137,
02EB004,2002-08-08,Discharge,Minimum,,2.630000114440918,
02EB004,2003-08-19,Water Level,Minimum,in metres (to millimetres),0.5189999938011169,
02EB004,2003-08-19,Discharge,Minimum,,2.5999999046325684,
02EB004,2003-11-23,Water Level,Maximum,in metres (to millimetres),2.009000062942505,
02EB004,2003-11-23,Discharge,Maximum,,109,
02EB004,2004-04-04,Water Level,Maximum,in metres (to millimetres),2.3289999961853027,
02EB004,2004-04-04,Discharge,Maximum,,136,
02EB004,2004-09-06,Water Level,Minimum,in metres (to millimetres),0.5149999856948853,
02EB004,2004-09-06,Discharge,Minimum,,2.5,
02EB004,2005-04-15,Water Level,Maximum,in metres (to millimetres),2.220999956130981,
02EB004,2005-04-15,Discharge,Maximum,,127,
02EB004,2005-09-12,Water Level,Minimum,in metres (to millimetres),0.47699999809265137,
02EB004,2005-09-12,Discharge,Minimum,,1.5399999618530271,
02EB004,2006-04-17,Water Level,Maximum,in metres (to millimetres),2.23799991607666,
02EB004,2006-04-17,Discharge,Maximum,,128,
02EB004,2006-09-17,Water Level,Minimum,in metres (to millimetres),0.5569999814033508,
02EB004,2006-09-17,Discharge,Minimum,,3.7300000190734863,
02EB004,2007-04-06,Water Level,Maximum,in metres (to millimetres),2.0799999237060547,
02EB004,2007-04-06,Discharge,Maximum,,115,
02EB004,2007-08-17,Water Level,Minimum,in metres (to millimetres),0.4900000095367432,
02EB004,2007-08-17,Discharge,Minimum,,1.8600000143051147,
02EB004,2008-04-14,Water Level,Maximum,in metres (to millimetres),2.4809999465942383,Partial Day
02EB004,2008-04-14,Discharge,Maximum,,149,Partial Day
02EB004,2008-12-23,Water Level,Minimum,in metres (to millimetres),0.6010000109672546,
02EB004,2008-12-23,Discharge,Minimum,,5.28000020980835,
02EB004,2009-04-07,Water Level,Maximum,in metres (to millimetres),2.319000005722046,
02EB004,2009-04-07,Discharge,Maximum,,135,
02EB004,2009-09-21,Water Level,Minimum,in metres (to millimetres),0.5440000295639038,
02EB004,2009-09-21,Discharge,Minimum,,3.309999942779541,
02EB004,2010-12-02,Water Level,Maximum,in metres (to millimetres),1.9149999618530276,
02EB004,2010-12-02,Discharge,Maximum,,101,
02EB004,2011-05-27,Water Level,Maximum,in metres (to millimetres),1.777999997138977,
02EB004,2011-05-27,Discharge,Maximum,,92.5,
02EB004,2011-09-21,Water Level,Minimum,in metres (to millimetres),0.4690000116825104,
02EB004,2011-09-21,Discharge,Minimum,,1.340000033378601,
02EB004,2012-03-22,Water Level,Maximum,in metres (to millimetres),2.2809998989105225,
02EB004,2012-03-23,Discharge,Maximum,,139,
02EB004,2012-09-02,Water Level,Minimum,in metres (to millimetres),0.5,
02EB004,2012-09-02,Discharge,Minimum,,2.140000104904175,
02EB004,2013-04-23,Water Level,Maximum,in metres (to millimetres),3.1630001068115234,
02EB004,2013-04-23,Discharge,Maximum,,206,
02EB004,2013-09-05,Water Level,Minimum,in metres (to millimetres),0.5519999861717224,
02EB004,2013-09-05,Discharge,Minimum,,2.3299999237060547,
02EB004,2014-04-23,Water Level,Maximum,in metres (to millimetres),2.4820001125335693,
02EB004,2014-04-23,Discharge,Maximum,,148,
02EB004,2014-08-08,Water Level,Minimum,in metres (to millimetres),0.5619999766349792,
02EB004,2014-08-08,Discharge,Minimum,,2.640000104904175,
02EB004,2015-04-23,Discharge,Maximum,,165,
02EB004,2015-04-24,Water Level,Maximum,in metres (to millimetres),2.680000066757202,
02EB004,2015-09-02,Water Level,Minimum,in metres (to millimetres),0.578000009059906,
02EB004,2015-09-02,Discharge,Minimum,,3.119999885559082,
02EB004,2016-04-03,Water Level,Maximum,in metres (to millimetres),2.552999973297119,
02EB004,2016-04-03,Discharge,Maximum,,154,
02EB004,2016-08-02,Water Level,Minimum,in metres (to millimetres),0.5450000166893005,
02EB004,2016-08-02,Discharge,Minimum,,2.150000095367432,
02EB004,2017-04-17,Water Level,Maximum,in metres (to millimetres),2.559999942779541,
02EB004,2017-04-17,Discharge,Maximum,,155,
02EB004,2017-06-15,Water Level,Minimum,in metres (to millimetres),0.6039999723434448,
02EB004,2017-06-15,Discharge,Minimum,,4.010000228881836,
02EB004,2018-05-05,Water Level,Maximum,in metres (to millimetres),2.125999927520752,
02EB004,2018-05-05,Discharge,Maximum,,118,
02EB004,2018-07-24,Water Level,Minimum,in metres (to millimetres),0.5770000219345093,
02EB004,2018-07-24,Discharge,Minimum,,2.9600000381469727,
02EB004,2020-04-06,Water Level,Maximum,in metres (to millimetres),2.2300000190734863,
02EB004,2020-04-06,Discharge,Maximum,,111,
02EB004,2020-07-07,Water Level,Minimum,in metres (to millimetres),0.6510000228881836,
02EB004,2020-07-07,Discharge,Minimum,,2.7100000381469727,
02EB004,2021-04-01,Water Level,Maximum,in metres (to millimetres),2.131999969482422,
02EB004,2021-04-01,Discharge,Maximum,,103,
02EB004,2021-06-01,Water Level,Minimum,in metres (to millimetres),0.6299999952316284,
02EB004,2021-06-01,Discharge,Minimum,,2.180000066757202,
02EB004,2022-04-27,Water Level,Maximum,in metres (to millimetres),1.815999984741211,
02EB004,2022-04-27,Discharge,Maximum,,83.5,
02EB004,2022-09-09,Water Level,Minimum,in metres (to millimetres),0.6370000243186951,
02EB004,2022-09-09,Discharge,Minimum,,2.3399999141693115,
02EB004,2023-04-19,Water Level,Maximum,in metres (to millimetres),2.884999990463257,
02EB004,2023-04-19,Discharge,Maximum,,178,
02EB004,2023-06-08,Discharge,Minimum,,5.260000228881836,Estimated
02EB004,2024-04-18,Water Level,Maximum,in metres (to millimetres),2.0220000743865967,
02EB004,2024-04-18,Discharge,Maximum,,102,
02EB004,2024-08-06,Water Level,Minimum,in metres (to millimetres),0.597000002861023,
02EB008,2003-08-21,Water Level,Minimum,in metres (to millimetres),7.300000190734863,
02EB008,2003-08-21,Discharge,Minimum,,2.369999885559082,
02EB008,2003-11-25,Water Level,Maximum,in metres (to millimetres),8.947999954223633,
02EB008,2003-11-25,Discharge,Maximum,,90.3000030517578,
02EB008,2004-05-07,Water Level,Maximum,in metres (to millimetres),8.819000244140625,
02EB008,2004-05-07,Discharge,Maximum,,81.30000305175781,
02EB008,2004-07-04,Water Level,Minimum,in metres (to millimetres),7.335999965667725,
02EB008,2004-07-04,Discharge,Minimum,,3.0199999809265137,
02EB008,2005-04-27,Water Level,Maximum,in metres (to millimetres),8.831000328063965,
02EB008,2005-04-27,Discharge,Maximum,,82.19999694824219,
02EB008,2005-09-20,Water Level,Minimum,in metres (to millimetres),7.333000183105469,
02EB008,2005-09-20,Discharge,Minimum,,2.970000028610229,
02EB008,2006-04-15,Water Level,Maximum,in metres (to millimetres),8.881999969482422,
02EB008,2006-04-15,Discharge,Maximum,,85.80000305175781,
02EB008,2006-06-17,Water Level,Minimum,in metres (to millimetres),7.396999835968018,
02EB008,2006-06-17,Discharge,Minimum,,4.389999866485596,
02EB008,2007-01-01,Water Level,Maximum,in metres (to millimetres),8.300999641418457,
02EB008,2007-01-01,Discharge,Maximum,,47.5,
02EB008,2007-08-20,Water Level,Minimum,in metres (to millimetres),7.347000122070312,
02EB008,2007-08-20,Discharge,Minimum,,3.240000009536743,
02EB008,2008-04-23,Water Level,Maximum,in metres (to millimetres),9.03499984741211,
02EB008,2008-04-23,Discharge,Maximum,,96.5,
02EB008,2008-10-11,Water Level,Minimum,in metres (to millimetres),7.381999969482422,
02EB008,2008-10-11,Discharge,Minimum,,3.990000009536743,
02EB008,2009-01-02,Water Level,Maximum,in metres (to millimetres),8.793999671936035,
02EB008,2009-01-02,Discharge,Maximum,,79.5999984741211,
02EB008,2009-09-20,Water Level,Minimum,in metres (to millimetres),7.354000091552734,
02EB008,2009-09-20,Discharge,Minimum,,3.390000104904175,
02EB008,2010-03-24,Water Level,Minimum,in metres (to millimetres),7.34600019454956,
02EB008,2010-03-24,Discharge,Minimum,,2.630000114440918,
02EB008,2010-12-04,Water Level,Maximum,in metres (to millimetres),8.831000328063965,
02EB008,2010-12-04,Discharge,Maximum,,82.19999694824219,
02EB008,2011-05-03,Water Level,Maximum,in metres (to millimetres),8.862000465393066,
02EB008,2011-05-03,Discharge,Maximum,,85.0999984741211,
02EB008,2011-08-03,Water Level,Minimum,in metres (to millimetres),7.416999816894531,
02EB008,2011-08-03,Discharge,Minimum,,4.619999885559082,
02EB008,2012-03-24,Water Level,Maximum,in metres (to millimetres),8.682999610900879,
02EB008,2012-03-24,Discharge,Maximum,,70.5,
02EB008,2012-09-07,Water Level,Minimum,in metres (to millimetres),7.363999843597412,
02EB008,2012-09-07,Discharge,Minimum,,3.4600000381469727,
02EB008,2013-04-25,Discharge,Maximum,,142,
02EB008,2013-04-26,Water Level,Maximum,in metres (to millimetres),9.477999687194824,
02EB008,2013-07-19,Water Level,Minimum,in metres (to millimetres),7.336999893188477,
02EB008,2013-07-19,Discharge,Minimum,,2.890000104904175,
02EB008,2014-04-24,Water Level,Maximum,in metres (to millimetres),8.95300006866455,
02EB008,2014-04-24,Discharge,Maximum,,93.4000015258789,
02EB008,2014-07-26,Water Level,Minimum,in metres (to millimetres),7.431000232696533,
02EB008,2014-07-26,Discharge,Minimum,,4.929999828338623,
02EB008,2015-04-26,Water Level,Maximum,in metres (to millimetres),8.640999794006348,
02EB008,2015-04-26,Discharge,Maximum,,69,
02EB008,2015-08-14,Water Level,Minimum,in metres (to millimetres),7.380000114440918,
02EB008,2015-08-14,Discharge,Minimum,,3.7699999809265137,
02EB008,2016-04-07,Water Level,Maximum,in metres (to millimetres),9.303000450134276,
02EB008,2016-04-07,Discharge,Maximum,,124,
02EB008,2016-08-12,Water Level,Minimum,in metres (to millimetres),7.339000225067139,
02EB008,2016-08-12,Discharge,Minimum,,2.930000066757202,
02EB008,2017-04-20,Water Level,Maximum,in metres (to millimetres),9.27400016784668,
02EB008,2017-04-20,Discharge,Maximum,,121,
02EB008,2017-08-04,Water Level,Minimum,in metres (to millimetres),7.4770002365112305,
02EB008,2017-08-04,Discharge,Minimum,,6.050000190734863,
02EB008,2018-05-10,Water Level,Maximum,in metres (to millimetres),8.77400016784668,
02EB008,2018-05-10,Discharge,Maximum,,79.0999984741211,
02EB008,2018-07-20,Water Level,Minimum,in metres (to millimetres),7.386000156402588,
02EB008,2018-07-20,Discharge,Minimum,,3.910000085830689,
02EB008,2019-04-30,Water Level,Maximum,in metres (to millimetres),9.77299976348877,
02EB008,2019-04-30,Discharge,Maximum,,168,
02EB008,2019-09-12,Water Level,Minimum,in metres (to millimetres),7.408999919891357,
02EB008,2019-09-12,Discharge,Minimum,,4.389999866485596,
02EB008,2020-04-10,Water Level,Maximum,in metres (to millimetres),8.694999694824219,
02EB008,2020-04-10,Discharge,Maximum,,71.69999694824219,
02EB008,2020-07-10,Water Level,Minimum,in metres (to millimetres),7.394000053405762,
02EB008,2020-07-10,Discharge,Minimum,,4.03000020980835,
02EB008,2021-04-05,Water Level,Maximum,in metres (to millimetres),8.45300006866455,
02EB008,2021-04-05,Discharge,Maximum,,54.79999923706055,
02EB008,2021-06-24,Water Level,Minimum,in metres (to millimetres),7.331999778747559,
02EB008,2021-06-24,Discharge,Minimum,,2.740000009536743,
02EB008,2022-04-28,Water Level,Maximum,in metres (to millimetres),8.531000137329102,
02EB008,2022-04-29,Discharge,Maximum,,60.09999847412109,
02EB008,2022-07-11,Water Level,Minimum,in metres (to millimetres),7.388999938964844,
02EB008,2022-07-11,Discharge,Minimum,,3.920000076293945,
02EB008,2023-04-20,Water Level,Maximum,in metres (to millimetres),9.428999900817873,
02EB008,2023-04-20,Discharge,Maximum,,134,
02EB008,2023-08-02,Water Level,Minimum,in metres (to millimetres),7.5,
02EB008,2023-08-02,Discharge,Minimum,,6.789999961853027,
02EB008,2024-04-24,Water Level,Maximum,in metres (to millimetres),8.503999710083008,
02EB008,2024-04-24,Discharge,Maximum,,58.20000076293945,
02EB008,2024-08-10,Water Level,Minimum,in metres (to millimetres),7.423999786376953,
02EB008,2024-08-10,Discharge,Minimum,,4.760000228881836,
02EB011,1966-12-10,Discharge,Maximum,,247,
02EB011,1967-11-07,Discharge,Maximum,,199,
02EB011,1968-04-08,Discharge,Maximum,,120,
02EB011,1969-05-24,Discharge,Maximum,,160,
02EB011,1970-04-27,Discharge,Maximum,,145,
02EB011,1971-04-29,Discharge,Maximum,,198,
02EB011,1972-04-27,Discharge,Maximum,,156,
02EB011,1973-04-09,Discharge,Maximum,,213,
02EB011,1974-04-23,Discharge,Maximum,,183,
02EB011,1975-05-06,Discharge,Maximum,,161,
02EB011,1976-04-11,Discharge,Maximum,,252,
02EB011,1977-04-05,Discharge,Maximum,,158,
02EB011,1978-05-02,Discharge,Maximum,,113,
02EB011,1979-04-06,Discharge,Maximum,,226,
02EB011,1980-04-20,Discharge,Maximum,,254,
02EB011,1981-09-09,Discharge,Maximum,,189,
02EB011,1982-04-30,Discharge,Maximum,,211,
02EB011,1983-05-12,Discharge,Maximum,,208,
02EB011,1984-05-30,Discharge,Maximum,,184,
02EB011,1985-04-30,Discharge,Maximum,,249,
02EB011,1986-04-09,Discharge,Maximum,,200,
02EB011,1987-04-07,Discharge,Maximum,,107,
02EB011,1988-04-11,Discharge,Maximum,,241,
02EB011,1989-04-12,Discharge,Maximum,,138,
02EB011,1990-12-04,Discharge,Maximum,,139,
02EB011,1991-04-18,Discharge,Maximum,,232,
02EB011,1992-11-18,Discharge,Maximum,,236,
02EB011,1993-10-25,Discharge,Maximum,,128,
02EB011,1995-11-18,Discharge,Maximum,,158,
02EB011,1996-05-02,Discharge,Maximum,,199,
02EB011,1997-05-08,Discharge,Maximum,,180,
02EB011,1998-04-08,Discharge,Maximum,,203,
02EB011,1999-07-13,Discharge,Maximum,,73,
02EB011,1999-10-22,Discharge,Minimum,,0.39399999380111694,
02EB011,2000-05-17,Discharge,Maximum,,124,
02EB011,2000-09-10,Discharge,Minimum,,0.23399999737739563,
02EB011,2001-09-18,Discharge,Minimum,,0.5299999713897705,
02EB011,2001-10-28,Discharge,Maximum,,127,
02EB011,2002-03-10,Water Level,Maximum,in metres (to millimetres),4.526000022888184,
02EB011,2002-03-10,Discharge,Maximum,,187,
02EB011,2002-07-22,Water Level,Minimum,in metres (to millimetres),0.9269999861717224,
02EB011,2002-07-22,Discharge,Minimum,,0.4810000061988831,
02EB011,2003-07-10,Water Level,Minimum,in metres (to millimetres),0.925000011920929,
02EB011,2003-07-10,Discharge,Minimum,,0.47099998593330383,
02EB011,2003-11-28,Water Level,Maximum,in metres (to millimetres),4.5320000648498535,
02EB011,2003-11-28,Discharge,Maximum,,191,
02EB011,2004-04-07,Water Level,Maximum,in metres (to millimetres),4.206999778747559,
02EB011,2004-04-07,Discharge,Maximum,,157,
02EB011,2004-11-02,Water Level,Minimum,in metres (to millimetres),1.312000036239624,
02EB011,2004-11-02,Discharge,Minimum,,3.380000114440918,
02EB011,2005-04-30,Water Level,Maximum,in metres (to millimetres),4.330999851226807,
02EB011,2005-04-30,Discharge,Maximum,,169,
02EB011,2005-07-10,Water Level,Minimum,in metres (to millimetres),1.0520000457763672,
02EB011,2005-07-10,Discharge,Minimum,,1.1299999952316284,
02EB011,2006-04-18,Water Level,Maximum,in metres (to millimetres),4.561999797821045,
02EB011,2006-04-18,Discharge,Maximum,,194,
02EB011,2006-10-10,Water Level,Minimum,in metres (to millimetres),1.0670000314712524,
02EB011,2006-10-10,Discharge,Minimum,,1.2200000286102295,
02EB011,2007-04-13,Water Level,Maximum,in metres (to millimetres),3.4170000553131104,
02EB011,2007-04-13,Discharge,Maximum,,87.69999694824219,
02EB011,2007-06-23,Water Level,Minimum,in metres (to millimetres),1.187000036239624,
02EB011,2007-06-23,Discharge,Minimum,,2.109999895095825,
02EB011,2008-05-01,Water Level,Maximum,in metres (to millimetres),5.058000087738037,
02EB011,2008-05-01,Discharge,Maximum,,250,
02EB011,2008-10-24,Water Level,Minimum,in metres (to millimetres),1.1449999809265137,
02EB011,2008-10-24,Discharge,Minimum,,1.7599999904632568,
02EB011,2009-04-10,Water Level,Maximum,in metres (to millimetres),4.632999897003174,
02EB011,2009-04-10,Discharge,Maximum,,202,
02EB011,2009-08-17,Water Level,Minimum,in metres (to millimetres),1.1859999895095823,
02EB011,2009-08-17,Discharge,Minimum,,2.0999999046325684,
02EB011,2010-06-22,Water Level,Minimum,in metres (to millimetres),1.187999963760376,
02EB011,2010-06-22,Discharge,Minimum,,2.119999885559082,
02EB011,2010-12-03,Water Level,Maximum,in metres (to millimetres),4.432000160217285,
02EB011,2010-12-03,Discharge,Maximum,,180,
02EB011,2011-05-31,Water Level,Maximum,in metres (to millimetres),4.570000171661377,
02EB011,2011-05-31,Discharge,Maximum,,198,
02EB011,2011-10-14,Water Level,Minimum,in metres (to millimetres),1.1119999885559082,
02EB011,2011-10-14,Discharge,Minimum,,1.4900000095367432,
02EB011,2012-03-27,Water Level,Maximum,in metres (to millimetres),3.880000114440918,
02EB011,2012-03-27,Discharge,Maximum,,127,
02EB011,2012-10-28,Water Level,Minimum,in metres (to millimetres),1.0219999551773071,
02EB011,2012-10-28,Discharge,Minimum,,0.9829999804496764,
02EB011,2013-04-27,Water Level,Maximum,in metres (to millimetres),5.480000019073486,
02EB011,2013-04-27,Discharge,Maximum,,301,
02EB011,2014-04-26,Water Level,Maximum,in metres (to millimetres),4.945000171661377,
02EB011,2014-04-26,Discharge,Maximum,,232,
02EB011,2014-08-12,Water Level,Minimum,in metres (to millimetres),1.128000020980835,
02EB011,2014-08-12,Discharge,Minimum,,1.6399999856948853,
02EB011,2015-04-24,Water Level,Maximum,in metres (to millimetres),4.486999988555908,
02EB011,2015-04-24,Discharge,Maximum,,180,
02EB011,2015-10-28,Water Level,Minimum,in metres (to millimetres),1.1619999408721924,
02EB011,2015-10-28,Discharge,Minimum,,1.9299999475479128,
02EB011,2016-04-08,Water Level,Maximum,in metres (to millimetres),5.294000148773193,
02EB011,2016-04-08,Discharge,Maximum,,275,
02EB011,2016-11-19,Water Level,Minimum,in metres (to millimetres),1.0540000200271606,
02EB011,2016-11-19,Discharge,Minimum,,1.1100000143051147,
02EB011,2017-04-21,Water Level,Maximum,in metres (to millimetres),5.159999847412109,
02EB011,2017-04-21,Discharge,Maximum,,258,
02EB011,2017-08-23,Water Level,Minimum,in metres (to millimetres),0.99099999666214,
02EB011,2017-08-23,Discharge,Minimum,,0,
02EB011,2018-05-05,Water Level,Maximum,in metres (to millimetres),4.433000087738037,
02EB011,2018-05-05,Discharge,Maximum,,175,
02EB011,2018-07-02,Water Level,Minimum,in metres (to millimetres),1.0169999599456787,
02EB011,2018-07-02,Discharge,Minimum,,0.8059999942779541,
02EB011,2019-05-03,Water Level,Maximum,in metres (to millimetres),5.900000095367432,
02EB011,2019-05-03,Discharge,Maximum,,345,
02EB011,2019-10-12,Water Level,Minimum,in metres (to millimetres),0.8880000114440918,
02EB011,2019-10-16,Discharge,Minimum,,0.32600000500679016,
02EB011,2020-04-02,Water Level,Maximum,in metres (to millimetres),4.0960001945495605,
02EB011,2020-04-02,Discharge,Maximum,,142,
02EB011,2020-07-08,Water Level,Minimum,in metres (to millimetres),0.9509999752044678,
02EB011,2020-07-08,Discharge,Minimum,,0.5740000009536743,
02EB011,2021-06-24,Water Level,Minimum,in metres (to millimetres),0.8980000019073486,
02EB011,2021-06-24,Discharge,Minimum,,0.3610000014305115,
02EB011,2021-09-28,Water Level,Maximum,in metres (to millimetres),3.686000108718872,
02EB011,2021-09-28,Discharge,Maximum,,108,
02EB011,2022-04-29,Water Level,Maximum,in metres (to millimetres),3.5920000076293945,
02EB011,2022-04-29,Discharge,Maximum,,101,
02EB011,2023-04-25,Water Level,Maximum,in metres (to millimetres),5.224999904632568,
02EB011,2023-04-25,Discharge,Maximum,,259,
02EB011,2023-09-11,Water Level,Minimum,in metres (to millimetres),0.949999988079071,
02EB011,2023-09-11,Discharge,Minimum,,0.4779999852180481,
02EB011,2024-04-19,Water Level,Maximum,in metres (to millimetres),4.499000072479248,
02EB011,2024-04-19,Discharge,Maximum,,180,
02EB011,2024-10-16,Water Level,Minimum,in metres (to millimetres),0.8870000243186951,
02EB011,2024-10-16,Discharge,Minimum,,0.3179999887943268,
02EB013,1974-04-16,Discharge,Maximum,,96.3000030517578,
02EB013,1975-04-26,Discharge,Maximum,,78.69999694824219,
02EB013,1976-04-01,Discharge,Maximum,,103,
02EB013,1977-03-31,Discharge,Maximum,,64.80000305175781,
02EB013,1978-04-29,Discharge,Maximum,,69.69999694824219,
02EB013,1979-03-26,Discharge,Maximum,,103,
02EB013,1980-04-10,Discharge,Maximum,,150,
02EB013,1981-09-03,Discharge,Maximum,,159,
02EB013,1982-04-18,Discharge,Maximum,,143,
02EB013,1983-05-09,Discharge,Maximum,,85.9000015258789,
02EB013,1984-04-16,Discharge,Maximum,,64.69999694824219,
02EB013,1985-04-24,Discharge,Maximum,,172,
02EB013,1986-04-02,Discharge,Maximum,,118,
02EB013,1987-03-31,Discharge,Maximum,,65,
02EB013,1988-04-08,Discharge,Maximum,,112,
02EB013,1989-03-30,Discharge,Maximum,,67.4000015258789,
02EB013,1990-11-29,Discharge,Maximum,,60.5,
02EB013,1991-04-09,Discharge,Maximum,,120,
02EB013,1992-04-23,Discharge,Maximum,,131,
02EB013,1993-04-11,Discharge,Maximum,,76.4000015258789,
02EB013,1994-04-17,Discharge,Maximum,,73,
02EB013,1995-11-12,Discharge,Maximum,,127,
02EB013,1996-04-22,Discharge,Maximum,,123,
02EB013,1997-04-08,Discharge,Maximum,,108,
02EB013,1998-04-01,Discharge,Maximum,,170,
02EB013,1999-04-09,Discharge,Maximum,,51.900001525878906,
02EB013,1999-08-06,Discharge,Minimum,,1.600000023841858,
02EB013,2000-10-06,Discharge,Minimum,,0.8949999809265137,
02EB013,2001-04-13,Discharge,Maximum,,117,
02EB013,2001-08-16,Discharge,Minimum,,0.7580000162124634,
02EB013,2002-04-17,Water Level,Maximum,in metres (to millimetres),7.35099983215332,
02EB013,2002-04-17,Discharge,Maximum,,128,
02EB013,2002-08-13,Water Level,Minimum,in metres (to millimetres),5.026000022888184,
02EB013,2002-08-13,Discharge,Minimum,,0.8389999866485596,
02EB013,2003-03-30,Water Level,Maximum,in metres (to millimetres),6.698999881744385,
02EB013,2003-03-30,Discharge,Maximum,,84.30000305175781,
02EB013,2003-08-16,Water Level,Minimum,in metres (to millimetres),5.090000152587891,
02EB013,2003-08-16,Discharge,Minimum,,1.559999942779541,
02EB013,2004-03-31,Water Level,Maximum,in metres (to millimetres),7.004000186920166,
02EB013,2004-09-26,Water Level,Minimum,in metres (to millimetres),5.033999919891357,
02EB013,2004-09-26,Discharge,Minimum,,0.9639999866485596,
02EB013,2005-04-08,Water Level,Maximum,in metres (to millimetres),7.021999835968018,
02EB013,2005-09-11,Water Level,Minimum,in metres (to millimetres),4.980000019073486,
02EB013,2005-09-11,Discharge,Minimum,,0.6570000052452087,
02EB013,2006-04-14,Water Level,Maximum,in metres (to millimetres),7.000999927520752,
02EB013,2006-04-14,Discharge,Maximum,,110,
02EB013,2006-09-18,Water Level,Minimum,in metres (to millimetres),5.072000026702881,
02EB013,2006-09-18,Discharge,Minimum,,1.2699999809265137,
02EB013,2007-04-05,Water Level,Maximum,in metres (to millimetres),6.515999794006348,
02EB013,2007-04-05,Discharge,Maximum,,77.69999694824219,
02EB013,2007-08-23,Water Level,Minimum,in metres (to millimetres),5.026999950408936,
02EB013,2007-08-23,Discharge,Minimum,,0.9190000295639038,
02EB013,2008-01-10,Water Level,Maximum,in metres (to millimetres),8.352999687194824,
02EB013,2008-09-13,Water Level,Minimum,in metres (to millimetres),5.203999996185303,
02EB013,2008-09-13,Discharge,Minimum,,3.0299999713897705,
02EB013,2009-04-04,Water Level,Maximum,in metres (to millimetres),7.224999904632568,
02EB013,2009-04-04,Discharge,Maximum,,125,
02EB013,2009-09-21,Water Level,Minimum,in metres (to millimetres),5.104000091552734,
02EB013,2009-09-21,Discharge,Minimum,,1.600000023841858,
02EB013,2010-08-21,Water Level,Minimum,in metres (to millimetres),5.072000026702881,
02EB013,2010-08-21,Discharge,Minimum,,1.309999942779541,
02EB013,2010-12-02,Water Level,Maximum,in metres (to millimetres),6.505000114440918,
02EB013,2010-12-02,Discharge,Maximum,,73.9000015258789,
02EB013,2011-04-12,Water Level,Maximum,in metres (to millimetres),6.736000061035156,
02EB013,2011-04-12,Discharge,Maximum,,90,
02EB013,2011-09-19,Water Level,Minimum,in metres (to millimetres),5.040999889373779,
02EB013,2011-09-19,Discharge,Minimum,,1.0399999618530271,
02EB013,2012-03-20,Water Level,Maximum,in metres (to millimetres),6.867000102996826,
02EB013,2012-03-20,Discharge,Maximum,,99.4000015258789,
02EB013,2012-09-04,Water Level,Minimum,in metres (to millimetres),4.968999862670898,
02EB013,2012-09-04,Discharge,Minimum,,0.5400000214576721,
02EB013,2013-04-20,Water Level,Maximum,in metres (to millimetres),8.746000289916992,
02EB013,2013-04-20,Discharge,Maximum,,268,
02EB013,2013-08-21,Water Level,Minimum,in metres (to millimetres),5.035999774932861,
02EB013,2013-08-21,Discharge,Minimum,,0.9139999747276306,
02EB013,2014-04-15,Water Level,Maximum,in metres (to millimetres),7.5370001792907715,
02EB013,2014-04-15,Discharge,Maximum,,136,
02EB013,2014-08-12,Water Level,Minimum,in metres (to millimetres),5.179999828338623,
02EB013,2014-08-12,Discharge,Minimum,,2.5999999046325684,
02EB013,2015-04-21,Water Level,Maximum,in metres (to millimetres),7.209000110626221,
02EB013,2015-04-21,Discharge,Maximum,,118,
02EB013,2015-10-08,Water Level,Minimum,in metres (to millimetres),5.0970001220703125,
02EB013,2015-10-08,Discharge,Minimum,,1.5499999523162842,
02EB013,2016-04-01,Water Level,Maximum,in metres (to millimetres),7.961999893188477,
02EB013,2016-04-01,Discharge,Maximum,,183,
02EB013,2016-08-11,Water Level,Minimum,in metres (to millimetres),5.046000003814697,
02EB013,2016-08-11,Discharge,Minimum,,1.0700000524520874,
02EB013,2017-04-17,Water Level,Maximum,in metres (to millimetres),7.421000003814697,
02EB013,2017-04-17,Discharge,Maximum,,134,
02EB013,2017-08-03,Water Level,Minimum,in metres (to millimetres),5.247000217437744,
02EB013,2017-08-03,Discharge,Minimum,,3.619999885559082,
02EB013,2018-04-28,Water Level,Maximum,in metres (to millimetres),6.663000106811523,
02EB013,2018-04-28,Discharge,Maximum,,85.69999694824219,
02EB013,2018-07-22,Water Level,Minimum,in metres (to millimetres),5.067999839782715,
02EB013,2018-07-22,Discharge,Minimum,,1.2300000190734863,
02EB013,2019-04-20,Water Level,Maximum,in metres (to millimetres),7.96999979019165,
02EB013,2019-04-20,Discharge,Maximum,,185,
02EB013,2019-09-02,Water Level,Minimum,in metres (to millimetres),5.035999774932861,
02EB013,2019-09-02,Discharge,Minimum,,1.0399999618530271,
02EB013,2020-03-31,Water Level,Maximum,in metres (to millimetres),6.489999771118164,
02EB013,2020-03-31,Discharge,Maximum,,74.30000305175781,
02EB013,2020-07-10,Water Level,Minimum,in metres (to millimetres),5.183000087738037,
02EB013,2020-07-10,Discharge,Minimum,,2.5899999141693115,
02EB013,2021-03-27,Water Level,Maximum,in metres (to millimetres),6.544000148773193,
02EB013,2021-03-27,Discharge,Maximum,,77.9000015258789,
02EB013,2021-06-25,Water Level,Minimum,in metres (to millimetres),5.105000019073486,
02EB013,2021-06-25,Discharge,Minimum,,1.649999976158142,
02EB013,2022-04-08,Water Level,Maximum,in metres (to millimetres),6.335999965667725,
02EB013,2022-04-08,Discharge,Maximum,,64,
02EB013,2022-09-12,Water Level,Minimum,in metres (to millimetres),5.0320000648498535,
02EB013,2022-09-12,Discharge,Minimum,,1.0099999904632568,
02EB013,2024-04-13,Water Level,Maximum,in metres (to millimetres),6.677999973297119,
02EB013,2024-04-13,Discharge,Maximum,,86.5999984741211,
02EB013,2024-09-22,Water Level,Minimum,in metres (to millimetres),5.078000068664551,
02EB013,2024-09-22,Discharge,Minimum,,1.3899999856948853,
02EB015,2003-03-24,Water Level,Minimum,in metres (to millimetres),224.3209991455078,
02EB015,2003-05-13,Water Level,Maximum,in metres (to millimetres),225.45599365234372,
02EB015,2004-03-25,Water Level,Minimum,in metres (to millimetres),224.49200439453125,
02EB015,2004-05-05,Water Level,Maximum,in metres (to millimetres),225.47999572753903,
02EB015,2005-03-30,Water Level,Minimum,in metres (to millimetres),224.33200073242188,
02EB015,2005-06-16,Water Level,Maximum,in metres (to millimetres),225.5229949951172,
02EB015,2006-03-10,Water Level,Minimum,in metres (to millimetres),224.59500122070312,
02EB015,2006-11-22,Water Level,Maximum,in metres (to millimetres),225.5059967041016,
02EB015,2007-03-22,Water Level,Minimum,in metres (to millimetres),224.8000030517578,
02EB015,2007-04-10,Water Level,Maximum,in metres (to millimetres),225.5800018310547,
02EB015,2008-03-31,Water Level,Minimum,in metres (to millimetres),224.41000366210935,
02EB015,2008-04-22,Water Level,Maximum,in metres (to millimetres),225.54200744628903,
02EB015,2009-03-27,Water Level,Minimum,in metres (to millimetres),224.6750030517578,
02EB015,2009-04-28,Water Level,Maximum,in metres (to millimetres),225.5240020751953,
02EB015,2010-03-12,Water Level,Minimum,in metres (to millimetres),224.8489990234375,
02EB015,2010-05-10,Water Level,Maximum,in metres (to millimetres),225.4620056152344,
02EB015,2013-04-06,Water Level,Minimum,in metres (to millimetres),224.73199462890625,
02EB015,2013-04-27,Water Level,Maximum,in metres (to millimetres),225.7740020751953,
02EB015,2014-04-01,Water Level,Minimum,in metres (to millimetres),224.4750061035156,
02EB015,2014-06-18,Water Level,Maximum,in metres (to millimetres),225.51499938964844,
02EB015,2015-04-30,Water Level,Maximum,in metres (to millimetres),225.4980010986328,
02EB015,2016-03-09,Water Level,Minimum,in metres (to millimetres),224.7570037841797,
02EB015,2016-04-10,Water Level,Maximum,in metres (to millimetres),225.6300048828125,
02EB015,2017-03-26,Water Level,Minimum,in metres (to millimetres),224.718994140625,
02EB015,2017-04-21,Water Level,Maximum,in metres (to millimetres),225.54800415039065,
02EB015,2018-03-31,Water Level,Minimum,in metres (to millimetres),224.5449981689453,
02EB015,2018-12-07,Water Level,Maximum,in metres (to millimetres),225.4640045166016,
02EB015,2019-04-06,Water Level,Minimum,in metres (to millimetres),224.45399475097656,
02EB015,2019-05-03,Water Level,Maximum,in metres (to millimetres),226.05799865722656,
02EB015,2020-03-14,Water Level,Minimum,in metres (to millimetres),224.4459991455078,
02EB015,2020-05-04,Water Level,Maximum,in metres (to millimetres),225.57899475097656,
02EB015,2021-03-25,Water Level,Minimum,in metres (to millimetres),224.375,
02EB015,2021-07-20,Water Level,Maximum,in metres (to millimetres),225.5030059814453,
02EB015,2022-03-18,Water Level,Minimum,in metres (to millimetres),224.51300048828125,
02EB015,2022-12-28,Water Level,Maximum,in metres (to millimetres),225.5529937744141,
02EB015,2023-03-30,Water Level,Minimum,in metres (to millimetres),224.46499633789065,
02EB015,2023-04-25,Water Level,Maximum,in metres (to millimetres),225.57699584960935,
02EB015,2024-03-05,Water Level,Minimum,in metres (to millimetres),224.75999450683597,
02EB015,2024-04-18,Water Level,Maximum,in metres (to millimetres),225.59100341796875,
02EB015,2025-03-15,Water Level,Minimum,in metres (to millimetres),224.27099609375,
02EB015,2025-05-02,Water Level,Maximum,in metres (to millimetres),225.5229949951172,
02EB018,2003-03-24,Water Level,Minimum,in metres (to millimetres),8.630000114440918,
02EB018,2003-11-24,Water Level,Maximum,in metres (to millimetres),9.696999549865724,
02EB018,2004-03-26,Water Level,Minimum,in metres (to millimetres),8.822999954223633,
02EB018,2004-05-08,Water Level,Maximum,in metres (to millimetres),9.718000411987305,
02EB018,2005-03-30,Water Level,Minimum,in metres (to millimetres),8.553999900817871,
02EB018,2005-06-16,Water Level,Maximum,in metres (to millimetres),9.744000434875488,
02EB018,2006-03-09,Water Level,Minimum,in metres (to millimetres),8.859000205993652,
02EB018,2006-04-17,Water Level,Maximum,in metres (to millimetres),9.704999923706056,
02EB018,2007-03-21,Water Level,Minimum,in metres (to millimetres),8.97700023651123,
02EB018,2007-04-10,Water Level,Maximum,in metres (to millimetres),9.774999618530272,
02EB018,2008-03-31,Water Level,Minimum,in metres (to millimetres),8.710000038146973,
02EB018,2008-04-22,Water Level,Maximum,in metres (to millimetres),9.989999771118164,
02EB018,2009-03-10,Water Level,Minimum,in metres (to millimetres),9.01200008392334,
02EB018,2009-04-10,Water Level,Maximum,in metres (to millimetres),9.795000076293944,
02EB018,2010-03-12,Water Level,Minimum,in metres (to millimetres),9.04699993133545,
02EB018,2010-12-04,Water Level,Maximum,in metres (to millimetres),9.699000358581545,
02EB018,2011-04-02,Water Level,Minimum,in metres (to millimetres),8.880000114440918,
02EB018,2011-05-01,Water Level,Maximum,in metres (to millimetres),9.729000091552734,
02EB018,2013-04-07,Water Level,Minimum,in metres (to millimetres),8.963000297546387,
02EB018,2013-04-27,Water Level,Maximum,in metres (to millimetres),10.204999923706056,
02EB018,2014-04-01,Water Level,Minimum,in metres (to millimetres),8.687000274658203,
02EB018,2014-04-28,Water Level,Maximum,in metres (to millimetres),9.894000053405762,
02EB018,2015-04-02,Water Level,Minimum,in metres (to millimetres),8.61400032043457,
02EB018,2015-04-27,Water Level,Maximum,in metres (to millimetres),9.779999732971191,
02EB018,2016-03-09,Water Level,Minimum,in metres (to millimetres),9.062999725341797,
02EB018,2016-04-08,Water Level,Maximum,in metres (to millimetres),10.086999893188477,
02EB018,2017-02-22,Water Level,Minimum,in metres (to millimetres),9.041000366210938,
02EB018,2017-04-21,Water Level,Maximum,in metres (to millimetres),9.958999633789062,
02EB018,2018-03-31,Water Level,Minimum,in metres (to millimetres),8.76200008392334,
02EB018,2018-05-11,Water Level,Maximum,in metres (to millimetres),9.652999877929688,
02EB018,2019-04-07,Water Level,Minimum,in metres (to millimetres),8.802000045776367,
02EB018,2020-03-09,Water Level,Minimum,in metres (to millimetres),8.848999977111816,
02EB018,2020-05-06,Water Level,Maximum,in metres (to millimetres),9.725000381469728,
02EB018,2021-03-22,Water Level,Minimum,in metres (to millimetres),8.751999855041504,
02EB018,2021-07-09,Water Level,Maximum,in metres (to millimetres),9.68000030517578,
02EB018,2022-03-18,Water Level,Minimum,in metres (to millimetres),8.751999855041504,
02EB018,2022-04-29,Water Level,Maximum,in metres (to millimetres),9.713000297546388,
02EB018,2023-03-16,Water Level,Minimum,in metres (to millimetres),8.769000053405762,
02EB018,2023-04-24,Water Level,Maximum,in metres (to millimetres),9.99899959564209,
02EB018,2024-02-27,Water Level,Minimum,in metres (to millimetres),9.119000434875488,
02EB018,2024-04-19,Water Level,Maximum,in metres (to millimetres),9.913000106811523,
02EB020,2003-03-20,Water Level,Minimum,in metres (to millimetres),8.256999969482422,
02EB020,2003-05-02,Water Level,Maximum,in metres (to millimetres),9.06999969482422,
02EB020,2004-03-01,Water Level,Minimum,in metres (to millimetres),8.368000030517578,
02EB020,2004-05-06,Water Level,Maximum,in metres (to millimetres),9.109000205993652,
02EB020,2005-03-30,Water Level,Minimum,in metres (to millimetres),8.24899959564209,
02EB020,2005-06-15,Water Level,Maximum,in metres (to millimetres),9.050999641418455,
02EB020,2006-03-09,Water Level,Minimum,in metres (to millimetres),8.4350004196167,
02EB020,2006-08-02,Water Level,Maximum,in metres (to millimetres),9.098999977111816,
02EB020,2007-03-22,Water Level,Minimum,in metres (to millimetres),8.496999740600586,
02EB020,2007-06-05,Water Level,Maximum,in metres (to millimetres),9.11400032043457,
02EB020,2008-03-31,Water Level,Minimum,in metres (to millimetres),8.354999542236328,
02EB020,2008-04-28,Water Level,Maximum,in metres (to millimetres),9.239999771118164,
02EB020,2009-03-09,Water Level,Minimum,in metres (to millimetres),8.454999923706055,
02EB020,2009-05-02,Water Level,Maximum,in metres (to millimetres),9.11299991607666,
02EB020,2010-03-12,Water Level,Minimum,in metres (to millimetres),8.494999885559082,
02EB020,2010-06-24,Water Level,Maximum,in metres (to millimetres),9.086999893188477,
02EB020,2011-03-09,Water Level,Minimum,in metres (to millimetres),8.506999969482422,
02EB020,2011-05-01,Water Level,Maximum,in metres (to millimetres),9.154000282287598,
02EB020,2012-03-03,Water Level,Minimum,in metres (to millimetres),8.574000358581543,
02EB020,2012-05-15,Water Level,Maximum,in metres (to millimetres),9.090999603271484,
02EB020,2013-04-07,Water Level,Minimum,in metres (to millimetres),8.586999893188477,
02EB020,2013-04-30,Water Level,Maximum,in metres (to millimetres),9.357000350952148,
02EB020,2014-03-27,Water Level,Minimum,in metres (to millimetres),8.276000022888184,
02EB020,2014-05-15,Water Level,Maximum,in metres (to millimetres),9.232000350952148,
02EB020,2016-03-08,Water Level,Minimum,in metres (to millimetres),8.644000053405762,
02EB020,2016-04-07,Water Level,Maximum,in metres (to millimetres),9.357000350952148,
02EB020,2017-02-23,Water Level,Minimum,in metres (to millimetres),8.557000160217285,
02EB020,2017-05-07,Water Level,Maximum,in metres (to millimetres),9.276000022888184,
02EB020,2018-03-31,Water Level,Minimum,in metres (to millimetres),8.496000289916992,
02EB020,2018-05-26,Water Level,Maximum,in metres (to millimetres),9.081000328063965,
02EB020,2020-03-09,Water Level,Minimum,in metres (to millimetres),8.47599983215332,
02EB020,2020-05-30,Water Level,Maximum,in metres (to millimetres),9.095999717712402,
02EB020,2021-03-11,Water Level,Minimum,in metres (to millimetres),8.380999565124512,
02EB020,2021-09-27,Water Level,Maximum,in metres (to millimetres),9.130000114440918,
02EB020,2022-03-06,Water Level,Minimum,in metres (to millimetres),8.50100040435791,
02EB020,2022-05-02,Water Level,Maximum,in metres (to millimetres),9.157999992370604,
02EB020,2023-03-25,Water Level,Minimum,in metres (to millimetres),8.317000389099121,
02EB020,2023-05-03,Water Level,Maximum,in metres (to millimetres),9.18000030517578,
02EB020,2024-02-27,Water Level,Minimum,in metres (to millimetres),8.616999626159668,
02EB020,2024-04-20,Water Level,Maximum,in metres (to millimetres),9.28499984741211,
